scenario (exponential arrivals),admission_rate,rejection_rate,avg_waiting_time,avg_bed_utilization,peak_queue_length,pct_time_queue_full,pct_time_under_pressure,avg_length_of_stay,rejection_rate_low,rejection_rate_medium,rejection_rate_high
10_fifo,0.8089585738860542,0.1910414261139458,3.7741734700330554,0.9507258437355525,5.0,0.10032362459546924,0.694868238557559,27.718887375820444,0.15901604154402013,0.20254009234424603,0.30900437525437524
10_priority,0.7818309854011317,0.21816901459886834,2.285695391173802,0.939704114655571,5.0,0.07420249653259361,0.6271844660194174,26.75076128107462,0.36800619950996016,0.14693737228386666,0.09544566544566546
12_fifo,0.9232107222955073,0.07678927770449272,2.1690021166921127,0.889921405455386,5.0,0.04641701340730466,0.43495145631067955,26.103848426310876,0.0614168159700409,0.08342295882382864,0.12291366041366042
12_priority,0.9007236473262387,0.09927635267376139,1.3984569651709375,0.8779858221605795,5.0,0.03522884882108183,0.39500693481276006,25.516819332556405,0.1699044778602853,0.06609671885174205,0.04689393939393939
